{
  "availability_percent": 100.0,
  "cycle_utilization_percent": 65.25220458553792,
  "actual_cycles": 1.835218253968254,
  "max_allowed_cycles": 2.8125,
  "actual_rte_percent": 66.04898600399888,
  "rated_rte_percent": 87.0,
  "rte_deviation_percent": -20.951013996001123,
  "discharge_throughput_mwh": 15.415833333333333,
  "charge_throughput_mwh": 23.339999999999993,
  "capacity_factor_percent": 4.567654320987654,
  "soc_range_utilization_percent": 93.75555555555555,
  "soc_range_used_percent": 84.38,
  "power_utilization_percent": 89.37777777777778,
  "idle_time_percent": 63.33333333333333,
  "avg_cycle_depth_percent": 100.0,
  "estimated_annual_degradation_percent": 2.446957671957672,
  "om_grade": "C"
}